id,品牌,生产,型号,里程,日期,地区,会员,现价,原价,过户情况
0,宝马7,2013,730Li,13.1,2014-03,温州,4年,20.8,101.33,0次过户
1,宝马7,2013,730Li,13,2013-06,温州,2年,19.8,101.33,无
2,宝马7,2021,740Li,2.6,2021-04,台州,2年,71.8,101.82,准新车-0次过户
3,宝马5,2021,530Li,1.5,2021-11,宁波,4年,67.8,101.82,无
4,宝马7,2019,740Li,5.3,2020-04,杭州,4年,67.8,101.82,无
5,宝马7,2008,730Li经典版,15.5,2008-04,宁波,4年,5.0,102.69,新上架
6,宝马7,2019,730Li,3.2,2020-08,宁波,4年,5.0,102.69,新上架
7,宝马X1,2021,sDrive25Li,0.8,2021-10,宁波,4年,5.0,102.69,新上架
8,宝马5,2019,525Li,4.5,2019-04,宁波,4年,5.0,102.69,新上架
9,宝马6,2013,改款,10.8,2015-01,湖州,5年,30.98,103.34,无
10,宝马6,2013,改款,6,2014-08,绍兴,3年,22.8,103.34,无
11,宝马7,2014,730Li,8,2015-03,温州,4年,28.8,103.77,0次过户
12,宝马X5,2014,xDrive35i,9,2014-11,宁波,1年,27.88,103.99,0次过户
13,宝马5,2010,535i,15,2011-07,宁波,1年,14.5,105.07,无
14,宝马5,2010,535i,15,2010-11,宁波,1年,12.88,105.07,0次过户
15,宝马M4,2019,M4敞篷轿跑车竞速版,4.18,2020-04,杭州,2年,63.8,106.37,0次过户-原厂质保
16,宝马5,2011,535i,14.2,2011-06,湖州,1年,12.5,106.59,无
17,宝马5,2011,535i,10,2012-04,温州,4年,13.5,106.59,0次过户
18,宝马X6,2015,xDrive35i,7.9,2015-09,宁波,1年,32.98,108.33,0次过户
19,宝马M4,2014,M4双门轿跑车,8.31,2016-03,绍兴,4年,48.88,108.33,无
20,宝马X5,2011,xDrive35i,20,2012-11,台州,1年,11.5,109.09,0次过户
21,宝马7,2009,730Li豪华型,17,2010-06,温州,4年,10.58,110.50,0次过户
22,宝马7,2021,740Li,1.4,2021-01,台州,7年,81.8,115.93,原厂质保
23,宝马X5,2020,xDrive30i,6.1,2020-04,衢州,4年,69.8,115.93,无
24,宝马7,2019,改款,4.3,2020-07,杭州,4年,69.8,115.93,无
25,宝马8,2021,840i,0.17,2021-09,杭州,3年,91.98,116.36,准新车-0次过户
26,宝马8,2022,840i,0.01,2022-10,杭州,5年,118.8,117.01,准新车-4S店直卖
27,宝马8,2021,840i,0.15,2021-09,绍兴,1年,92.0,118.53,准新车-4S店直卖
28,宝马8,2021,改款,0.12,2021-12,杭州,5年,93.88,118.53,新上架-准新车
29,宝马M4,2014,M4敞篷轿跑车,5.6,2016-07,杭州,1年,44.8,119.18,无
30,宝马M4,2014,M4敞篷轿跑车,11,2015-01,金华,5年,39.8,119.18,0次过户
31,宝马8,2019,840i,0.4,2021-01,杭州,2年,81.5,119.18,新上架-0次过户
32,宝马M4,2014,M4敞篷轿跑车,8.9,2018-02,杭州,2年,47.3,119.18,新上架
33,宝马X7,2021,xDrive40i,0.3,2021-06,绍兴,1年,96.0,120.27,准新车-4S店直卖
34,宝马X7,2021,xDrive40i,2,2021-03,杭州,3年,89.8,120.27,准新车-0次过户
35,宝马6,2012,640i双门轿跑车,9,2013-12,台州,7年,20.98,122.44,无
36,宝马7,2016,740Li,14,2016-06,杭州,1年,39.8,128.95,无
37,宝马7,2017,740Li,8.5,2017-06,杭州,4年,40.98,128.95,0次过户
38,宝马M4,2018,M4敞篷轿跑车车迷限量版,2.7,2019-03,杭州,1年,65.8,130.14,0次过户
39,宝马M4,2018,M4敞篷轿跑车车迷限量版,5,2018-03,杭州,1年,55.8,130.14,无
40,宝马M3,2009,M3敞篷轿跑车,16,2010-04,台州,1年,15.2,130.26,新上架
41,宝马M3,2009,M3敞篷轿跑车,12,2009-06,杭州,7年,15.58,130.26,无
42,宝马M3,2009,M3敞篷轿跑车,9,2011-09,宁波,2年,22.9,130.26,0次过户
43,宝马7,2013,740Li,16,2013-02,台州,5年,19.8,132.81,无
44,宝马7,2005,740Li,20,2006-01,杭州,4年,3.18,135.90,新上架
45,宝马7,2009,740Li尊贵型,20,2011-05,台州,6年,11.98,153.05,无
46,宝马5,2020,530Le,1,2021-10,宁波,7年,109.0,156.19,新上架-准新车
47,宝马X5,2020,2020款,0.9,2021-07,宁波,7年,109.0,156.19,新上架-准新车
48,宝马X5,2020,2020款,0.9,2021-08,宁波,7年,109.0,156.19,新上架-准新车
49,宝马M5,2021,M5,2.8,2021-10,台州,6年,116.8,156.19,无
50,宝马X5,2008,xDrive48i豪华型,8.38,2009-01,温州,4年,8.38,188.44,0次过户
51,宝马1,2018,118i,5.8,2018-04,宁波,1年,9.58,21.69,新上架-0次过户
52,宝马1,2021,120i,1.37,2021-04,嘉兴,3年,13.48,22.12,准新车-原厂质保
53,宝马1,2021,120i,3.1,2021-02,金华,2年,12.5,22.12,准新车-0次过户
54,宝马1,2017,118i,4,2017-12,杭州,2年,9.88,22.23,0次过户
55,宝马1,2017,118i,6.6,2017-04,杭州,1年,8.5,22.23,0次过户
56,宝马1,2019,118i,7,2019-09,丽水,1年,11.88,24.29,0次过户
57,宝马1,2019,118i,4,2019-03,嘉兴,2年,11.28,24.29,0次过户
58,宝马1,2019,118i,4,2019-05,宁波,3年,10.0,24.29,新上架-0次过户
59,宝马1,2018,118i,6,2018-07,金华,1年,10.8,24.51,0次过户
60,宝马1,2018,118i,4,2018-05,绍兴,4年,10.98,24.51,0次过户
61,宝马1,2018,118i,7,2018-03,嘉兴,6年,10.8,24.51,0次过户
62,宝马1,2018,118i,7.3,2018-06,温州,7年,11.5,24.51,新上架-0次过户
63,宝马1,2021,120i,0.7,2021-08,杭州,6年,14.39,24.62,新上架-准新车
64,宝马1,2021,改款,1,2022-01,绍兴,2年,15.68,24.62,准新车-0次过户
65,宝马1,2021,120i,2.6,2021-01,宁波,1年,12.0,24.62,新上架-0次过户
66,宝马1,2021,改款,0.6,2021-11,丽水,2年,14.88,24.62,新上架-准新车
67,宝马1,2017,118i,7,2017-06,金华,5年,9.28,24.94,无
68,宝马1,2017,118i,14.3,2017-04,温州,5年,7.88,24.94,新上架-0次过户
69,宝马2,2016,218i,6.2,2016-08,宁波,1年,7.9,25.49,0次过户
70,宝马5,2014,525Li,9.2,2014-08,宁波,1年,7.9,25.49,0次过户
71,宝马7,2019,730Li,0.86,2022-06,宁波,1年,7.9,25.49,0次过户
72,宝马X5,2017,xDrive35i,6.56,2017-12,宁波,1年,7.9,25.49,0次过户
73,宝马1,2020,125i,3,2020-02,温州,4年,13.38,26.46,无
74,宝马1,2020,125i,3.9,2020-01,嘉兴,2年,13.8,26.46,无
75,宝马1,2021,125i,2.2,2021-01,杭州,4年,15.28,26.79,0次过户-原厂质保
76,宝马1,2022,125i,0.06,2022-06,湖州,1年,18.98,26.79,准新车-4S店直卖
77,宝马1,2022,125i,0.28,2021-12,丽水,3年,16.98,26.79,准新车-0次过户
78,宝马M6,2013,M6,6.2,2015-03,杭州,6年,69.5,260.40,0次过户
79,宝马7,2019,改款,0.07,2021-09,杭州,3年,198.8,263.55,准新车-0次过户
80,宝马7,2019,改款,3.6,2021-04,杭州,7年,173.8,263.55,准新车-0次过户
81,宝马7,2019,M760Li,0.15,2021-11,嘉兴,3年,198.88,263.55,准新车-0次过户
82,宝马2,2018,220i,5,2018-08,杭州,2年,15.5,27.12,无
83,宝马2,2018,220i,8.4,2018-04,杭州,6年,14.8,27.12,新上架-4S店直卖
84,宝马1,2018,118i,5.5,2019-01,杭州,5年,10.88,27.98,新上架-0次过户
85,宝马7,2010,760Li,12,2013-03,宁波,6年,28.8,273.32,0次过户
86,宝马7,2010,760Li,15,2012-02,宁波,6年,25.8,273.32,0次过户
87,宝马7,2010,760Li,15,2012-08,宁波,6年,22.8,273.32,0次过户
88,宝马1,2017,118i,8,2017-09,绍兴,2年,9.6,28.20,0次过户
89,宝马1,2013,改款,5,2014-05,杭州,6年,7.78,28.44,0次过户
90,宝马2,2018,220i,4.8,2019-03,杭州,1年,12.88,28.63,无
91,宝马X2,2021,sDrive20i,2.52,2021-03,嘉兴,3年,17.98,28.96,准新车-原厂质保
92,宝马X2,2020,sDrive20i,2.5,2020-12,杭州,5年,17.88,28.96,0次过户-原厂质保
93,宝马2,2021,225i,0.78,2021-09,杭州,3年,21.58,29.29,准新车-0次过户
94,宝马2,2015,218i,7.5,2018-02,杭州,1年,10.8,29.29,无
95,宝马2,2021,225i,0.4,2021-03,杭州,5年,22.98,29.35,新上架-准新车
96,宝马2,2015,218i,8,2017-07,温州,1年,10.88,29.96,0次过户
97,宝马2,2015,218i,6,2016-01,金华,1年,11.5,29.96,新上架-0次过户
98,宝马X1,2019,sDrive18Li,4.7,2019-06,绍兴,2年,15.8,30.05,0次过户
99,宝马3,2021,325Li,3,2021-03,宁波,1年,17.3,30.26,0次过户-原厂质保
100,宝马X1,2020,sDrive20Li,3.6,2020-09,台州,1年,17.3,30.26,0次过户-原厂质保
101,宝马X1,2021,sDrive20Li,2,2020-12,杭州,6年,16.8,30.37,新上架-0次过户
102,宝马X1,2021,sDrive20Li,1.46,2021-08,杭州,5年,17.8,30.37,准新车-原厂质保
103,宝马X1,2021,sDrive20Li,1,2021-07,温州,3年,16.9,30.37,新上架-准新车
104,宝马X1,2021,sDrive20Li,3,2021-01,嘉兴,2年,18.5,30.37,原厂质保
105,宝马2,2015,218i,6,2016-10,金华,1年,8.0,30.38,新上架-0次过户
106,宝马X1,2012,sDrive18i,8.7,2013-01,嘉兴,3年,7.42,30.61,0次过户
107,宝马1,2013,改款,10.6,2012-05,金华,3年,6.39,30.61,无
108,宝马X1,2012,sDrive18i,8.6,2012-11,杭州,3年,6.18,30.61,0次过户
109,宝马X1,2012,sDrive18i,10,2012-07,宁波,1年,6.08,30.61,无
110,宝马3,2015,316i,7.5,2014-07,杭州,1年,10.8,30.72,无
111,宝马X1,2018,sDrive18Li,11,2017-08,嘉兴,2年,12.98,30.81,0次过户
112,宝马X1,2018,sDrive18Li,4,2018-06,金华,2年,13.8,30.81,0次过户
113,宝马X1,2018,sDrive18Li,4.7,2019-02,杭州,2年,15.89,30.81,无
114,宝马X1,2018,sDrive18Li,5.2,2017-01,丽水,3年,13.5,30.81,0次过户
115,宝马X1,2013,sDrive18i,6,2014-05,台州,1年,7.68,30.94,0次过户
116,宝马X1,2013,sDrive18i,8.9,2013-07,宁波,3年,6.58,30.94,新上架-0次过户
117,宝马X1,2014,sDrive18i,10,2014-09,杭州,6年,7.98,30.94,新上架
118,宝马X1,2014,sDrive18i,14.52,2015-05,杭州,6年,8.88,30.94,0次过户
119,宝马X1,2014,sDrive18i,11.47,2015-02,杭州,6年,9.58,30.94,0次过户
120,宝马X1,2014,sDrive18i,15,2015-02,杭州,7年,9.26,30.94,无
121,宝马X1,2013,sDrive18i,5.8,2014-06,金华,4年,7.6,30.94,0次过户
122,宝马X1,2014,sDrive18i,6.6,2015-03,温州,2年,10.9,30.94,0次过户
123,宝马X2,2021,sDrive25i,1.9,2020-12,杭州,5年,17.88,31.02,4S店直卖-原厂质保
124,宝马X2,2022,sDrive25i,0.01,2022-07,嘉兴,3年,19.88,31.02,准新车-0次过户
125,宝马X1,2016,sDrive18Li,5.8,2017-04,宁波,1年,11.88,31.04,0次过户
126,宝马3,2017,318i,5,2017-09,嘉兴,1年,13.99,31.26,0次过户
127,宝马3,2017,318i,6,2017-10,温州,3年,13.9,31.26,0次过户
128,宝马1,2008,120i,10,2010-01,温州,7年,3.98,31.26,无
129,宝马3,2017,318i,5.6,2018-01,温州,2年,13.98,31.26,无
130,宝马1,2008,120i,7.1,2009-10,湖州,1年,3.38,31.26,无
131,宝马X2,2020,sDrive25i,3.98,2020-11,台州,2年,17.5,31.46,0次过户-原厂质保
132,宝马X2,2020,sDrive25i,3.5,2021-03,杭州,6年,16.88,31.46,新上架-准新车
133,宝马1,2013,改款,11,2015-04,衢州,1年,7.98,31.70,无
134,宝马3,2010,318i,8.2,2010-10,宁波,2年,4.2,31.80,0次过户
135,宝马7,2016,730Li,9.5,2016-06,宁波,2年,4.2,31.80,0次过户
136,宝马M4,2021,M4双门轿跑车,1.5,2022-03,宁波,2年,4.2,31.80,0次过户
137,宝马X1,2016,sDrive18Li,9.7,2016-07,宁波,2年,4.2,31.80,0次过户
138,宝马3,2017,320Li,6.8,2017-04,宁波,2年,4.2,31.80,0次过户
139,宝马2,2019,225i,6.8,2019-07,杭州,5年,18.8,31.89,新上架-0次过户
140,宝马2,2018,220i,4.1,2018-08,杭州,1年,16.78,31.89,0次过户
141,宝马2,2018,220i,8.6,2018-06,金华,2年,17.5,31.89,无
142,宝马3,2020,320i,3,2020-09,绍兴,1年,23.0,31.90,4S店直卖-0次过户
143,宝马3,2022,320i,2,2022-03,金华,6年,24.58,31.90,准新车-0次过户
144,宝马3,2020,320i,1,2020-08,绍兴,5年,25.98,31.90,原厂质保
145,宝马X1,2020,sDrive20Li,3,2020-01,丽水,3年,17.8,32.22,0次过户-原厂质保
146,宝马X1,2020,sDrive20Li,1,2020-10,温州,3年,17.8,32.22,0次过户-原厂质保
147,宝马X1,2019,sDrive18Li,6,2019-05,杭州,2年,13.68,32.22,0次过户
148,宝马X1,2019,sDrive18Li,6.65,2019-06,杭州,3年,13.98,32.22,0次过户
149,宝马X1,2022,sDrive20Li,0.01,2022-03,台州,3年,19.99,32.43,准新车-0次过户
150,宝马3,2006,320i典雅型,15,2006-08,宁波,1年,3.0,32.46,0次过户
151,宝马1,2010,120i运动限量版,11,2010-09,杭州,4年,3.68,32.46,新上架-0次过户
152,宝马3,2012,318i领先型,9,2011-07,杭州,3年,4.6,32.54,无
153,宝马2,2018,220i,5,2019-05,金华,1年,13.5,32.54,新上架-0次过户
154,宝马3,2023,320i,0.01,2023-01,杭州,6年,26.87,32.55,新上架-准新车
155,宝马X1,2018,sDrive18Li,6.58,2017-10,宁波,1年,13.38,32.98,0次过户
156,宝马X1,2018,sDrive18Li,6.3,2017-07,宁波,2年,11.88,32.98,0次过户
157,宝马5,2014,525Li,14,2014-06,宁波,3年,12.8,33.22,无
158,宝马X1,2016,sDrive18Li,19.74,2017-08,杭州,6年,11.88,33.22,0次过户
159,宝马X1,2016,sDrive18Li,7.9,2017-04,金华,3年,12.8,33.22,无
160,宝马1,2012,118i,7,2012-04,宁波,2年,6.0,33.22,0次过户
161,宝马1,2012,118i,7.5,2012-01,宁波,1年,6.2,33.22,无
162,宝马7,2011,730Li典雅型,11,2011-09,杭州,1年,6.2,33.22,无
163,宝马X1,2016,sDrive18Li,9,2016-11,温州,3年,10.5,33.22,无
164,宝马X1,2016,sDrive18Li,13.28,2016-12,杭州,6年,11.88,33.22,0次过户
165,宝马3,2016,316Li,6,2016-06,温州,2年,13.8,33.63,无
166,宝马3,2018,318Li,7.2,2018-09,杭州,6年,14.98,33.63,新上架-4S店直卖
167,宝马2,2021,225i,1.9,2021-01,湖州,1年,20.98,33.63,原厂质保
168,宝马X1,2021,sDrive25Li,2,2021-05,温州,1年,21.5,33.63,准新车-0次过户
169,宝马3,2019,320i,7,2019-02,台州,2年,16.88,33.63,0次过户
170,宝马X1,2019,sDrive20Li,5.6,2019-01,温州,7年,18.8,33.63,0次过户
171,宝马3,2019,320i,6.1,2019-03,杭州,6年,17.88,33.63,新上架-4S店直卖
172,宝马3,2019,320i,6,2018-10,宁波,1年,16.3,33.63,新上架-0次过户
173,宝马X1,2020,sDrive25Li,9,2020-09,绍兴,5年,18.18,33.63,0次过户-原厂质保
174,宝马X1,2019,sDrive20Li,3.6,2019-01,宁波,1年,16.0,33.63,0次过户
175,宝马X1,2021,sDrive25Li,2,2021-03,丽水,3年,21.68,33.63,准新车-0次过户
176,宝马X1,2022,sDrive25Li,0.01,2023-01,杭州,6年,21.8,33.63,新上架-准新车
177,宝马X1,2022,sDrive25Li,0.01,2022-08,杭州,5年,22.18,33.63,新上架-准新车
178,宝马2,2019,225i,4,2020-10,金华,1年,24.8,33.63,无
179,宝马3,2017,318Li,8.6,2017-09,杭州,6年,13.88,33.64,新上架-4S店直卖
180,宝马3,2013,316i,9,2013-12,金华,1年,9.5,33.65,新上架-0次过户
181,宝马3,2013,316i,10,2013-10,温州,1年,8.88,33.65,无
182,宝马3,2022,325i,0.5,2022-01,杭州,3年,28.78,33.90,准新车-0次过户
183,宝马3,2022,325i,0.69,2021-12,杭州,5年,27.9,33.90,准新车-原厂质保
184,宝马3,2020,325i,5.1,2020-01,台州,1年,23.88,34.07,新上架-0次过户
185,宝马3,2021,改款,1.2,2021-06,宁波,1年,25.5,34.07,准新车-原厂质保
186,宝马3,2020,325i,3,2020-07,宁波,1年,26.0,34.07,0次过户-原厂质保
187,宝马3,2021,325i,1.59,2021-06,杭州,3年,26.98,34.07,新上架-准新车
188,宝马3,2022,改款,0.01,2022-10,杭州,6年,27.6,34.07,新上架-准新车
189,宝马3,2019,320Li,7.31,2019-01,杭州,1年,17.08,34.39,无
190,宝马3,2019,320Li,10,2019-03,金华,5年,18.8,34.39,0次过户
191,宝马3,2018,320i,7,2018-03,宁波,3年,16.0,34.39,0次过户
192,宝马7,2013,740Li,8,2014-11,温州,1年,18.98,34.39,无
193,宝马X1,2018,sDrive20Li,8.86,2017-05,湖州,5年,14.98,34.39,无
194,宝马X4,2016,xDrive20i,8,2017-08,温州,1年,18.98,34.39,无
195,宝马3,2019,320Li,7,2019-01,杭州,3年,18.6,34.39,无
196,宝马3,2019,320Li,5,2019-01,金华,3年,19.5,34.39,无
197,宝马X1,2018,sDrive20Li,6.6,2018-05,宁波,3年,15.8,34.39,无
198,宝马4,2014,420i,3,2014-09,温州,1年,18.98,34.39,无
199,宝马3,2019,320Li,8.1,2018-12,湖州,1年,18.98,34.39,无
200,宝马2,2015,220i,4,2016-04,温州,1年,18.98,34.39,无
201,宝马M4,2017,M4敞篷轿跑车,3,2019-06,温州,1年,18.98,34.39,无
202,宝马X1,2018,sDrive20Li,5.36,2018-01,杭州,3年,15.5,34.39,新上架-0次过户
203,宝马3,2023,325i,0.01,2023-01,杭州,6年,29.4,34.40,新上架-准新车
204,宝马3,2021,320Li,2,2020-12,宁波,1年,22.88,34.62,0次过户-原厂质保
205,宝马3,2021,320Li,6,2021-04,金华,5年,25.8,34.62,无
206,宝马3,2021,改款,1.5,2021-02,杭州,4年,26.8,34.62,准新车-0次过户
207,宝马3,2020,320Li,3,2020-08,宁波,3年,21.5,34.62,0次过户-原厂质保
208,宝马3,2021,320Li,1.3,2021-08,宁波,1年,25.7,34.62,无
209,宝马3,2021,320Li,1,2022-12,杭州,6年,27.99,34.62,新上架-准新车
210,宝马3,2021,320Li,1.3,2021-01,杭州,6年,27.88,34.62,新上架-4S店直卖
211,宝马3,2021,320Li,3.5,2020-10,杭州,1年,23.8,34.62,0次过户-原厂质保
212,宝马3,2020,320Li,5,2020-05,金华,2年,24.3,34.62,无
213,宝马3,2020,320Li,3.2,2020-04,宁波,4年,21.8,34.62,0次过户-原厂质保
214,宝马3,2021,改款,4.7,2021-05,宁波,5年,26.8,34.62,无
215,宝马3,2017,320i,8,2016-11,宁波,1年,14.8,34.74,无
216,宝马3,2017,320i,6.1,2017-07,宁波,3年,16.8,34.74,0次过户
217,宝马3,2017,320i,5,2017-09,温州,2年,16.98,34.74,0次过户
218,宝马3,2014,320i,10,2013-12,杭州,2年,10.88,34.74,0次过户
219,宝马3,2017,320i,9.31,2016-11,丽水,1年,13.58,34.74,0次过户
220,宝马X4,2014,xDrive20i,6.5,2015-04,宁波,1年,11.38,34.93,0次过户
221,宝马X1,2019,sDrive18Li,4.2,2019-06,宁波,1年,11.38,34.93,0次过户
222,宝马5,2018,528Li,6,2018-02,宁波,1年,11.38,34.93,0次过户
223,宝马3,2015,316Li,5.24,2015-08,杭州,1年,11.38,34.93,0次过户
224,宝马4,2014,428i,6.8,2014-07,宁波,1年,11.38,34.93,0次过户
225,宝马3,2018,320Li,2,2017-12,宁波,1年,16.98,35.15,0次过户
226,宝马3,2018,320Li,6,2017-12,温州,3年,14.8,35.15,0次过户
227,宝马7,2019,740Li,6.8,2020-01,宁波,1年,16.88,35.15,新上架
228,宝马3,2018,320Li,7.55,2017-10,湖州,1年,16.88,35.15,新上架
229,宝马X2,2021,改款,0.28,2021-12,杭州,6年,21.98,35.15,新上架-准新车
230,宝马3,2018,320Li,7,2017-12,丽水,2年,16.88,35.15,0次过户
231,宝马3,2018,320Li,5,2018-07,嘉兴,2年,17.58,35.15,0次过户
232,宝马3,2018,320Li,10,2017-10,衢州,1年,15.68,35.15,无
233,宝马3,2020,325Li,3,2020-01,温州,1年,26.28,35.16,0次过户
234,宝马3,2020,325Li,1.5,2020-01,金华,3年,25.28,35.16,无
235,宝马3,2020,325Li,5.1,2020-01,金华,6年,25.68,35.16,0次过户
236,宝马7,2019,改款,4,2020-01,宁波,1年,23.8,35.16,0次过户-原厂质保
237,宝马3,2020,改款,1.9,2020-04,宁波,3年,26.68,35.16,无
238,宝马3,2020,改款,3.4,2020-03,宁波,1年,23.8,35.16,0次过户-原厂质保
239,宝马X1,2014,sDrive18i,11,2015-03,杭州,1年,23.8,35.16,0次过户-原厂质保
240,宝马2,2015,218i,4,2017-03,杭州,2年,18.8,35.31,0次过户
241,宝马2,2015,218i,6,2016-03,嘉兴,3年,14.8,35.31,0次过户
242,宝马3,2018,320Li,5,2018-05,宁波,3年,17.98,35.31,0次过户
243,宝马2,2015,218i,6,2017-08,绍兴,3年,17.98,35.31,0次过户
244,宝马2,2015,218i,6,2016-03,宁波,3年,14.8,35.31,无
245,宝马2,2015,218i,5,2016-11,宁波,2年,15.5,35.31,0次过户
246,宝马2,2015,218i,4.9,2016-12,金华,4年,15.98,35.31,0次过户
247,宝马2,2015,218i,8.1,2017-02,台州,3年,16.98,35.31,无
248,宝马2,2015,218i,5,2017-02,宁波,2年,16.0,35.31,0次过户
249,宝马3,2016,320Li,13.1,2016-04,金华,3年,14.88,35.36,0次过户
250,宝马3,2017,320Li,4.8,2017-07,宁波,1年,14.8,35.38,0次过户
251,宝马3,2017,320Li,6.6,2016-11,嘉兴,3年,15.9,35.38,0次过户
252,宝马3,2017,320Li,3.3,2017-04,嘉兴,2年,17.88,35.38,无
253,宝马3,2017,320Li,11.83,2017-08,杭州,6年,16.88,35.38,0次过户
254,宝马3,2017,320Li,7,2017-06,宁波,4年,15.6,35.38,0次过户
255,宝马3,2017,320Li,7.6,2017-06,杭州,3年,16.5,35.38,0次过户
256,宝马3,2017,320Li,7.32,2017-06,宁波,1年,17.38,35.38,新上架-0次过户
257,宝马3,2015,320i,11.8,2015-05,宁波,1年,11.3,35.60,0次过户
258,宝马3,2020,改款,0.9,2020-06,宁波,1年,27.0,35.81,原厂质保
259,宝马3,2021,325i,2.2,2021-03,杭州,6年,30.5,36.03,新上架-准新车
260,宝马3,2021,325i,2,2021-07,杭州,6年,28.9,36.03,新上架-准新车
261,宝马3,2015,320i,13,2015-06,嘉兴,6年,10.8,36.15,0次过户
262,宝马3,2013,320i,8,2013-09,温州,2年,9.28,36.80,0次过户
263,宝马3,2019,320Li,5,2019-06,温州,1年,19.5,36.88,0次过户
264,宝马3,2019,320i,8.1,2019-04,杭州,3年,18.98,36.88,无
265,宝马X1,2021,改款,0.36,2021-12,杭州,6年,23.98,36.88,新上架-准新车
266,宝马X1,2021,xDrive25Li,0.3,2021-10,丽水,2年,22.98,36.88,准新车-0次过户
267,宝马X1,2022,改款,1.6,2022-02,台州,6年,23.58,36.88,新上架-准新车
268,宝马3,2019,320i,4,2019-02,温州,2年,19.58,36.88,0次过户
269,宝马3,2019,320Li,5,2019-03,宁波,4年,20.6,36.88,0次过户
270,宝马3,2019,320Li,3.8,2019-10,宁波,1年,19.58,36.88,0次过户
271,宝马3,2019,320Li,6.5,2019-07,嘉兴,5年,21.8,36.88,0次过户
272,宝马X1,2021,改款,0.3,2021-10,丽水,2年,23.88,36.88,准新车-0次过户
273,宝马3,2019,320i,2.7,2019-02,绍兴,6年,17.98,36.88,新上架-0次过户
274,宝马3,2023,325i,0.02,2023-01,杭州,6年,31.58,36.90,新上架-准新车
275,宝马3,2014,320i,6.13,2014-07,杭州,1年,11.4,37.23,无
276,宝马3,2014,320i,12.5,2014-02,杭州,6年,11.88,37.23,新上架-0次过户
277,宝马X1,2016,sDrive20Li,7.9,2016-11,嘉兴,2年,15.3,37.45,无
278,宝马5,2012,523Li,11,2012-08,宁波,1年,22.3,37.66,新上架-0次过户
279,宝马3,2021,325Li,6.5,2021-02,宁波,1年,22.3,37.66,新上架-0次过户
280,宝马3,2021,改款二,0.8,2021-12,温州,1年,29.98,37.66,准新车-0次过户
281,宝马3,2021,改款,0.51,2021-09,杭州,5年,29.6,37.66,准新车-原厂质保
282,宝马3,2021,改款,2,2021-05,温州,3年,30.8,37.66,无
283,宝马3,2020,改款,0.6,2020-10,杭州,2年,28.8,37.66,0次过户-原厂质保
284,宝马3,2021,改款,2.5,2021-03,杭州,6年,29.8,37.66,新上架-准新车
285,宝马3,2020,325Li,3,2019-09,宁波,2年,25.0,37.66,0次过户
286,宝马3,2021,325Li,3,2021-03,丽水,3年,27.98,37.66,准新车-0次过户
287,宝马3,2020,325Li,3.7,2019-11,宁波,1年,22.8,37.66,0次过户
288,宝马5,2021,530Li,1.7,2021-08,宁波,1年,28.88,37.66,准新车-0次过户
289,宝马3,2021,325Li,2.7,2021-02,衢州,1年,28.88,37.66,准新车-0次过户
290,宝马3,2020,325Li,4,2020-09,宁波,1年,25.0,37.66,0次过户-原厂质保
291,宝马3,2021,325Li,0.88,2021-07,湖州,3年,29.6,37.66,新上架-准新车
292,宝马3,2022,改款,0.01,2022-12,杭州,6年,31.5,37.66,新上架-准新车
293,宝马3,2020,325Li,3.5,2020-01,宁波,1年,25.78,37.66,0次过户
294,宝马3,2021,325Li,2.8,2021-01,台州,5年,29.88,37.66,0次过户-原厂质保
295,宝马3,2020,325Li,3,2019-11,温州,3年,26.5,37.66,0次过户
296,宝马3,2021,325Li,1.7,2021-04,宁波,1年,22.18,37.66,准新车-0次过户
297,宝马3,2021,325Li,2.79,2021-01,嘉兴,3年,29.88,37.66,原厂质保
298,宝马3,2020,325Li,3,2020-05,宁波,2年,22.6,37.66,0次过户-原厂质保
299,宝马3,2020,325Li,2.6,2020-03,宁波,2年,25.0,37.66,0次过户-原厂质保
300,宝马3,2020,325Li,3.11,2020-07,衢州,6年,26.58,37.66,无
301,宝马3,2020,325Li,4,2019-09,宁波,1年,21.5,37.66,0次过户
302,宝马3,2018,320Li,4.3,2018-09,衢州,5年,19.98,37.97,无
303,宝马3,2018,320Li,4.6,2018-01,温州,1年,14.5,37.97,无
304,宝马3,2016,320Li,7,2016-06,温州,4年,12.98,37.97,新上架-0次过户
305,宝马3,2015,320Li,10,2015-11,温州,1年,13.18,37.97,0次过户
306,宝马3,2016,320Li,7,2015-12,宁波,2年,15.8,37.97,0次过户
307,宝马3,2016,320Li,8,2016-02,宁波,2年,14.58,37.97,0次过户
308,宝马3,2015,320Li,6,2015-08,绍兴,5年,13.58,37.97,无
309,宝马3,2015,320Li,10,2015-06,金华,3年,13.8,37.97,新上架-0次过户
310,宝马3,2012,320i,11,2012-01,温州,3年,4.68,38.10,无
311,宝马3,2017,320Li,8.6,2017-06,宁波,1年,15.98,38.41,0次过户
312,宝马3,2017,320Li,11,2017-08,绍兴,4年,16.58,38.41,0次过户
313,宝马3,2017,320Li,8.9,2016-11,金华,6年,15.88,38.41,无
314,宝马3,2017,320Li,8,2017-01,金华,5年,16.2,38.41,0次过户
315,宝马3,2013,320Li,8.7,2014-05,温州,3年,11.98,38.49,0次过户
316,宝马X5,2018,xDrive28i,6,2017-11,宁波,1年,8.58,38.49,新上架-0次过户
317,宝马3,2013,320Li,16,2013-04,台州,6年,11.5,38.49,0次过户
318,宝马1,2021,120i,1,2021-02,宁波,1年,8.58,38.49,新上架-0次过户
319,宝马3,2013,320Li,8.69,2012-12,宁波,1年,8.58,38.49,新上架-0次过户
320,宝马3,2013,320Li,11.32,2014-03,杭州,6年,12.78,38.49,0次过户
321,宝马3,2013,320Li,13,2014-03,温州,1年,10.98,38.49,无
322,宝马3,2014,320Li,10,2014-12,温州,1年,11.8,38.95,0次过户
323,宝马3,2014,320Li,4,2015-06,温州,1年,13.8,38.95,0次过户
324,宝马3,2015,320Li,4.1,2015-05,温州,3年,14.8,38.95,0次过户
325,宝马3,2014,320Li,12,2016-05,嘉兴,6年,14.8,38.95,0次过户
326,宝马5,2017,525Li,9.81,2017-01,杭州,2年,11.98,38.95,无
327,宝马5,2020,530Li,2.8,2020-08,宁波,2年,11.98,38.95,无
328,宝马4,2017,425i,5.2,2018-12,宁波,2年,11.98,38.95,无
329,宝马3,2014,320Li,7.9,2014-10,温州,1年,12.98,38.95,无
330,宝马3,2014,320Li,12,2014-08,嘉兴,2年,11.98,38.95,无
331,宝马5,2017,525Li,7,2017-04,宁波,2年,11.98,38.95,无
332,宝马3,2022,325Li,0.3,2022-06,杭州,6年,32.8,38.96,无
333,宝马X1,2015,xDrive20i,9.6,2015-11,绍兴,4年,11.98,38.97,0次过户
334,宝马4,2017,425i,6,2019-03,嘉兴,3年,23.8,39.06,0次过户
335,宝马3,2019,320Li,6.1,2019-03,杭州,3年,21.88,39.06,4S店直卖-0次过户
336,宝马3,2020,320i,1.8,2021-04,湖州,5年,28.98,39.06,准新车-原厂质保
337,宝马3,2019,320Li,3,2019-03,温州,3年,18.8,39.06,0次过户
338,宝马3,2019,320i,5,2019-06,杭州,6年,20.8,39.06,无
339,宝马4,2017,425i,7.72,2018-07,杭州,4年,21.58,39.06,无
340,宝马4,2017,425i,10.7,2017-11,绍兴,4年,20.98,39.06,无
341,宝马3,2019,320Li,5.7,2018-12,杭州,6年,21.5,39.06,新上架-4S店直卖
342,宝马4,2017,425i,1.5,2019-01,杭州,6年,24.98,39.06,新上架-4S店直卖
343,宝马3,2020,320i,1.8,2020-06,温州,3年,26.8,39.06,无
344,宝马4,2017,425i,9.8,2019-01,湖州,4年,23.68,39.06,无
345,宝马3,2022,325Li,0.01,2022-12,湖州,3年,33.3,39.11,新上架-准新车
346,宝马3,2021,325Li,3.7,2021-02,台州,5年,30.58,39.28,准新车-原厂质保
347,宝马3,2020,325Li,4.4,2020-01,宁波,1年,25.8,39.28,0次过户
348,宝马4,2021,425i,1.48,2021-06,杭州,2年,37.5,39.49,无
349,宝马3,2020,325Li,4,2021-02,宁波,2年,24.6,39.50,新上架-准新车
350,宝马3,2020,改款,6,2020-03,宁波,7年,27.9,39.50,无
351,宝马3,2021,改款,1.7,2021-03,杭州,6年,32.5,39.72,新上架-准新车
352,宝马3,2021,325Li,0.9,2021-09,嘉兴,3年,32.88,39.72,新上架-准新车
353,宝马X1,2010,sDrive18i豪华型,7,2012-03,杭州,3年,6.88,39.84,0次过户
354,宝马X1,2012,sDrive18i豪华型,10,2013-02,绍兴,5年,6.6,39.84,0次过户
355,宝马X1,2010,sDrive18i豪华型,8,2012-07,绍兴,2年,6.88,39.84,0次过户
356,宝马X1,2010,sDrive18i豪华型,15,2011-01,金华,3年,4.98,39.84,0次过户
357,宝马X1,2012,sDrive18i豪华型,9.5,2014-03,嘉兴,2年,7.99,39.84,0次过户
358,宝马1,2011,120i,6,2013-01,宁波,1年,9.6,39.95,无
359,宝马1,2011,120i,5,2014-07,宁波,2年,9.3,39.95,0次过户
360,宝马1,2011,120i,8.8,2012-05,嘉兴,3年,7.8,39.95,无
361,宝马3,2005,320i,12,2006-06,宁波,1年,3.0,40.11,0次过户
362,宝马3,2018,320i,4.5,2018-10,温州,3年,20.5,40.14,无
363,宝马3,2018,320i,4.5,2019-08,杭州,1年,21.98,40.14,无
364,宝马3,2022,330i,0.01,2022-08,嘉兴,3年,33.88,40.26,新上架-准新车
365,宝马3,2022,330i,0.08,2022-01,杭州,5年,30.88,40.26,新上架-准新车
366,宝马3,2022,330i,0.3,2021-11,宁波,5年,31.98,40.26,新上架-准新车
367,宝马2,2017,220i,7.6,2017-01,杭州,7年,18.8,40.27,0次过户
368,宝马2,2018,225i,6.6,2017-12,宁波,3年,19.5,40.57,无
369,宝马4,2022,425i,1.43,2022-01,杭州,5年,38.98,40.59,准新车-原厂质保
370,宝马4,2022,425i,1.3,2022-02,金华,1年,37.28,40.59,准新车-0次过户
371,宝马3,2010,320i豪华型,13,2010-07,宁波,3年,4.38,40.71,0次过户
372,宝马3,2010,320i,9,2011-11,宁波,1年,5.0,40.71,0次过户
373,宝马3,2013,320i运动设计套装,7,2013-08,嘉兴,1年,10.88,41.14,0次过户
374,宝马3,2013,320i运动设计套装,16,2012-10,绍兴,4年,9.98,41.14,无
375,宝马3,2020,330i,3.8,2021-01,宁波,1年,28.8,41.24,0次过户-原厂质保
376,宝马3,2017,320Li,8.84,2017-03,杭州,6年,16.58,41.24,0次过户
377,宝马3,2021,改款,1.4,2021-06,杭州,6年,34.8,41.24,新上架-准新车
378,宝马3,2021,330i,2.2,2021-06,杭州,6年,33.9,41.24,新上架-准新车
379,宝马3,2021,330i,0.08,2022-08,嘉兴,3年,35.38,41.24,准新车-0次过户
380,宝马3,2023,330i,0.2,2023-01,杭州,6年,34.58,41.45,新上架-准新车
381,宝马3,2023,330i,0.01,2022-08,嘉兴,3年,35.5,41.45,准新车-0次过户
382,宝马X1,2016,xDrive20Li,9,2017-04,温州,4年,14.68,41.79,无
383,宝马3,2012,320i,9,2012-12,温州,1年,5.8,42.20,0次过户
384,宝马X3,2018,xDrive25i,13,2019-03,金华,5年,24.5,42.31,无
385,宝马X3,2020,xDrive25i,4,2020-04,宁波,1年,29.88,42.31,0次过户-原厂质保
386,宝马X3,2021,xDrive25i,5.4,2021-01,杭州,1年,31.68,42.31,0次过户-原厂质保
387,宝马X3,2019,xDrive25i,6,2019-04,丽水,2年,27.88,42.31,新上架-0次过户
388,宝马4,2019,425i,3,2019-10,温州,4年,29.98,42.31,新上架-0次过户
389,宝马X3,2018,xDrive25i,3.1,2019-05,宁波,6年,28.0,42.31,0次过户
390,宝马X3,2020,xDrive25i,4,2020-04,衢州,5年,30.88,42.31,0次过户-原厂质保
391,宝马4,2022,425i,0.9,2022-01,杭州,6年,43.8,42.52,无
392,宝马3,2016,320Li,6.2,2015-12,嘉兴,2年,15.28,42.75,无
393,宝马3,2013,改款,12,2014-05,温州,1年,12.25,42.98,无
394,宝马3,2013,改款,10,2014-08,温州,1年,12.98,42.98,无
395,宝马X1,2018,xDrive25Le,6.1,2018-06,金华,3年,14.6,43.07,0次过户
396,宝马3,2015,320Li,10,2015-06,杭州,2年,13.5,43.07,无
397,宝马4,2021,425i,1.8,2021-03,杭州,3年,37.98,43.07,准新车-0次过户
398,宝马X3,2022,xDrive25i,0.7,2022-07,杭州,4年,34.8,43.08,新上架-准新车
399,宝马3,2016,320i,9.9,2017-10,杭州,5年,18.98,43.20,无
400,宝马3,2016,320i,6.8,2017-11,宁波,1年,17.58,43.20,0次过户
401,宝马3,2013,320Li,11.7,2013-04,温州,2年,10.9,43.31,无
402,宝马X3,2018,xDrive25i,8.81,2018-10,衢州,3年,24.9,43.40,无
403,宝马4,2017,430i,6,2018-04,嘉兴,4年,23.8,43.40,0次过户
404,宝马4,2014,420i,10,2015-03,湖州,4年,23.8,43.40,0次过户
405,宝马X1,2021,xDrive30Le,2.3,2021-06,杭州,6年,22.8,43.40,准新车-4S店直卖
406,宝马X3,2018,xDrive25i,7.3,2018-09,宁波,4年,23.8,43.40,0次过户
407,宝马X3,2018,xDrive25i,6,2018-07,杭州,6年,25.9,43.40,无
408,宝马X3,2018,xDrive25i,5,2018-08,宁波,1年,24.3,43.40,0次过户
409,宝马3,2013,改款,9,2012-09,宁波,4年,23.8,43.40,0次过户
410,宝马iX,2022,领先型,0.33,2021-10,杭州,3年,31.98,43.41,准新车-0次过户
411,宝马iX,2022,领先型,1.3,2022-02,杭州,4年,28.8,43.41,准新车-0次过户
412,宝马iX,2022,领先型,0.2,2021-10,绍兴,1年,31.0,43.41,准新车-4S店直卖
413,宝马iX,2022,领先型,0.5,2022-01,台州,3年,29.8,43.41,准新车-0次过户
414,宝马iX,2022,领先型,0.66,2022-05,杭州,5年,28.5,43.41,准新车-原厂质保
415,宝马iX,2021,改款,2,2021-06,杭州,6年,26.8,43.41,新上架-准新车
416,宝马iX,2022,领先型,1.8,2022-01,嘉兴,3年,29.8,43.41,无
417,宝马3,2004,325i,18,2004-06,宁波,1年,2.0,44.29,0次过户
418,宝马X1,2013,xDrive20i,10,2013-11,温州,3年,8.0,44.29,0次过户
419,宝马3,2010,325i,9,2010-10,宁波,1年,4.5,44.29,0次过户
420,宝马3,2011,325i,9,2011-02,宁波,1年,4.68,44.40,0次过户
421,宝马3,2019,320i,5.1,2019-10,嘉兴,6年,21.8,44.48,0次过户
422,宝马3,2020,330Li,3.8,2020-10,温州,1年,30.9,44.49,无
423,宝马3,2021,330Li,0.15,2022-11,嘉兴,3年,36.0,44.49,新上架-准新车
424,宝马5,2019,525i,4.6,2019-08,宁波,3年,29.8,45.58,无
425,宝马5,2020,525Li,4.2,2020-02,宁波,1年,18.1,45.70,0次过户
426,宝马X3,2016,sDrive20i,4.9,2017-07,杭州,4年,18.98,45.70,0次过户
427,宝马3,2017,320Li,9.2,2016-10,宁波,1年,18.1,45.70,0次过户
428,宝马X3,2016,sDrive20i,8,2017-08,温州,7年,19.2,45.70,0次过户
429,宝马X3,2016,sDrive20i,10.1,2016-11,宁波,1年,18.1,45.70,0次过户
430,宝马5,2021,改款,3,2021-01,温州,1年,34.8,45.80,0次过户-原厂质保
431,宝马5,2010,520Li,9.3,2009-12,宁波,3年,4.58,45.98,新上架-0次过户
432,宝马5,2022,525Li,0.6,2022-06,台州,3年,38.8,46.01,准新车-原厂质保
433,宝马5,2021,525i,4.5,2021-01,台州,2年,32.8,46.01,0次过户-原厂质保
434,宝马5,2021,525i,3,2021-02,丽水,3年,34.5,46.01,准新车-原厂质保
435,宝马3,2013,320i,7.6,2015-10,宁波,1年,29.98,46.22,0次过户-原厂质保
436,宝马X3,2021,xDrive28i,3,2021-02,温州,1年,33.68,46.22,准新车-0次过户
437,宝马X3,2020,改进款,5.64,2020-01,杭州,1年,29.18,46.22,0次过户
438,宝马X3,2019,xDrive28i,1.7,2019-07,温州,3年,29.8,46.22,无
439,宝马X3,2020,改进款,5.4,2020-08,丽水,1年,29.98,46.22,0次过户-原厂质保
440,宝马X3,2019,xDrive28i,7.49,2019-09,杭州,5年,28.98,46.22,无
441,宝马X6,2008,xDrive35i,12,2010-05,宁波,1年,29.98,46.22,0次过户-原厂质保
442,宝马X3,2020,xDrive28i,7,2020-05,宁波,3年,29.8,46.22,无
443,宝马X3,2019,xDrive28i,5,2019-10,温州,1年,27.5,46.22,新上架-0次过户
444,宝马X3,2019,xDrive28i,2.7,2019-10,温州,1年,27.9,46.22,0次过户
445,宝马5,2013,525Li,9,2013-01,宁波,1年,29.98,46.22,0次过户-原厂质保
446,宝马X3,2020,改进款,5.7,2019-12,嘉兴,2年,29.8,46.22,无
447,宝马3,2017,320Li,7,2017-08,宁波,1年,29.98,46.22,0次过户-原厂质保
448,宝马X3,2018,xDrive28i,6.9,2019-04,绍兴,5年,27.88,46.22,0次过户
449,宝马X3,2020,改进款,2.36,2020-05,宁波,1年,30.48,46.22,无
450,宝马X3,2020,改进款,4.5,2019-10,温州,1年,29.8,46.22,无
451,宝马X3,2018,xDrive28i,9.27,2019-01,台州,7年,27.5,46.22,无
452,宝马X3,2020,xDrive28i,2.3,2020-01,杭州,2年,30.8,46.22,0次过户
453,宝马X3,2019,xDrive28i,3,2019-08,温州,4年,28.9,46.22,无
454,宝马X3,2019,xDrive28i,6,2019-06,宁波,1年,28.6,46.22,0次过户
455,宝马X3,2018,xDrive28i,4.8,2019-01,杭州,3年,29.8,46.22,4S店直卖-0次过户
456,宝马5,2019,525Li,7.1,2019-01,金华,3年,29.3,46.34,无
457,宝马5,2020,525Li,4,2020-06,温州,2年,32.58,46.34,0次过户-原厂质保
458,宝马5,2019,525Li,4.6,2019-03,宁波,1年,28.3,46.34,0次过户
459,宝马5,2019,525Li,6.9,2019-02,杭州,3年,28.98,46.34,无
460,宝马5,2019,改款,5.8,2020-01,杭州,2年,30.98,46.34,0次过户
461,宝马5,2021,525Li,3.5,2021-03,杭州,6年,35.8,46.34,新上架-准新车
462,宝马5,2021,525Li,1.8,2021-01,宁波,4年,33.8,46.34,0次过户-原厂质保
463,宝马5,2020,525Li,6.95,2020-02,温州,3年,33.8,46.34,无
464,宝马5,2019,525Li,8,2019-05,绍兴,5年,29.98,46.34,无
465,宝马5,2020,525Li,5.6,2020-01,丽水,4年,33.68,46.34,无
466,宝马5,2019,525Li,5.7,2018-12,宁波,1年,27.3,46.34,0次过户
467,宝马5,2021,525Li,3,2021-08,温州,1年,37.8,46.34,无
468,宝马5,2012,520Li,9,2012-05,宁波,1年,8.88,46.52,新上架-0次过户
469,宝马5,2013,525Li,13.8,2013-05,宁波,2年,10.28,46.52,新上架-0次过户
470,宝马5,2013,520Li,11,2013-07,温州,1年,11.68,46.52,0次过户
471,宝马5,2012,520Li,5.9,2012-03,杭州,6年,13.58,46.52,0次过户
472,宝马5,2012,520Li,10.5,2012-07,温州,2年,10.28,46.52,新上架-0次过户
473,宝马5,2013,520Li,13,2013-03,金华,4年,12.8,46.52,0次过户
474,宝马2,2015,220i,5.2,2015-05,丽水,1年,16.8,46.57,无
475,宝马2,2015,220i,5.5,2016-03,宁波,2年,17.0,46.57,无
476,宝马2,2015,220i,6.8,2018-03,杭州,1年,21.28,46.57,0次过户
477,宝马5,2018,525i,6.8,2018-08,宁波,1年,26.98,46.66,0次过户
478,宝马3,2015,328Li,12,2015-03,金华,5年,14.5,46.76,0次过户
479,宝马3,2017,330Li,7,2017-05,杭州,4年,19.5,46.77,0次过户
480,宝马5,2017,520Li,13,2017-01,金华,2年,19.8,47.28,无
481,宝马3,2015,320Li,7.8,2015-06,宁波,4年,15.88,47.28,新上架-0次过户
482,宝马5,2018,改款,5.8,2018-05,宁波,4年,15.88,47.28,新上架-0次过户
483,宝马5,2014,520Li,10,2016-05,丽水,1年,18.88,47.28,0次过户
484,宝马5,2014,525Li,6.6,2015-05,宁波,4年,15.88,47.28,新上架-0次过户
485,宝马5,2014,520Li,10,2015-12,温州,4年,15.88,47.28,新上架-0次过户
486,宝马5,2014,520Li,9,2015-04,温州,6年,16.8,47.28,0次过户
487,宝马5,2018,530Li,8,2018-02,宁波,4年,15.88,47.28,新上架-0次过户
488,宝马5,2017,520Li,7,2017-05,温州,1年,19.8,47.28,新上架-0次过户
489,宝马X3,2022,xDrive30i,0.6,2021-09,台州,3年,37.5,47.41,无
490,宝马X3,2022,xDrive30i,1.2,2021-12,嘉兴,3年,37.58,47.41,准新车-原厂质保
491,宝马X3,2022,xDrive30i,1.5,2022-01,杭州,6年,38.8,47.41,无
492,宝马X3,2022,xDrive30i,1.7,2022-01,杭州,6年,37.99,47.41,新上架-准新车
493,宝马X3,2022,xDrive30i,0.01,2022-12,杭州,6年,36.8,47.41,新上架-准新车
494,宝马X3,2022,xDrive30i,1,2021-10,杭州,6年,37.8,47.41,无
495,宝马5,2018,525Li,4.2,2019-01,杭州,1年,30.88,47.42,0次过户
496,宝马5,2018,525Li,9.4,2018-08,杭州,1年,27.8,47.42,0次过户
497,宝马5,2018,525Li,7,2018-06,温州,1年,28.8,47.42,无
498,宝马5,2018,525Li,7,2018-08,宁波,1年,27.8,47.42,0次过户
499,宝马5,2018,525Li,7,2018-09,宁波,3年,27.8,47.42,无
500,宝马iX,2022,创领型,0.64,2021-09,杭州,5年,33.88,47.75,新上架-准新车
501,宝马iX,2021,创领型,2.23,2021-06,台州,2年,28.78,47.75,准新车-0次过户
502,宝马iX,2021,改款,0.01,2022-08,杭州,5年,29.88,47.75,新上架-准新车
503,宝马iX,2021,创领型,0.18,2021-12,湖州,3年,34.6,47.75,新上架-准新车
504,宝马iX,2021,创领型,2.4,2021-03,台州,1年,28.98,47.75,无
505,宝马iX,2021,创领型,0.01,2022-08,杭州,6年,29.8,47.75,新上架-准新车
506,宝马X5,2019,xDrive40i,3.58,2019-08,宁波,2年,28.78,47.75,准新车-0次过户
507,宝马iX,2021,创领型,1,2021-02,杭州,5年,27.88,47.75,新上架-准新车
508,宝马iX,2022,创领型,1.6,2021-11,嘉兴,3年,31.58,47.75,新上架-准新车
509,宝马iX,2021,创领型,0.6,2021-06,湖州,1年,27.98,47.75,准新车-4S店直卖
510,宝马iX,2022,创领型,0.55,2021-09,杭州,5年,33.98,47.75,准新车-0次过户
511,宝马iX,2021,创领型,3,2021-04,杭州,6年,27.8,47.75,新上架-准新车
512,宝马X3,2022,改款二,0.01,2022-08,杭州,5年,36.99,47.97,准新车-0次过户
513,宝马X3,2022,改款,0.01,2022-12,杭州,5年,36.98,47.97,新上架-准新车
514,宝马X3,2022,改款,0.01,2022-08,杭州,6年,36.8,47.97,新上架-准新车
515,宝马X3,2022,改款,1,2022-01,金华,3年,36.8,47.97,无
516,宝马X3,2022,改款二,0.01,2022-08,杭州,6年,36.88,47.97,新上架-准新车
517,宝马3,2013,320i,14,2014-05,金华,3年,14.0,48.30,0次过户
518,宝马3,2018,330i,8.1,2018-11,湖州,1年,20.88,48.50,4S店直卖
519,宝马4,2022,430i,1.6,2021-10,杭州,2年,46.8,48.72,准新车-0次过户
520,宝马3,2013,328Li,11.3,2013-03,宁波,1年,9.78,48.74,无
521,宝马5,2011,523Li,18,2011-11,嘉兴,1年,9.0,48.80,0次过户
522,宝马5,2011,523Li,12.7,2011-05,杭州,3年,9.88,48.80,0次过户
523,宝马5,2011,523Li,10,2011-12,温州,1年,10.8,48.80,0次过户
524,宝马5,2011,523Li,22,2011-12,湖州,1年,8.25,48.80,0次过户
525,宝马5,2011,523Li,13,2011-09,金华,3年,9.6,48.80,无
526,宝马5,2019,530Li,5.5,2019-11,宁波,1年,10.8,48.80,无
527,宝马5,2011,523Li,10.6,2011-12,宁波,1年,10.8,48.80,无
528,宝马2,2018,M240i,8,2018-04,杭州,4年,28.8,48.82,0次过户
529,宝马5,2018,528Li,9,2017-11,宁波,1年,23.88,48.84,新上架-0次过户
530,宝马5,2018,528Li,12.5,2018-01,杭州,2年,27.5,48.84,无
531,宝马5,2018,528Li,5.8,2018-01,嘉兴,4年,28.99,48.84,0次过户
532,宝马5,2018,528Li,7,2017-12,宁波,1年,24.88,48.84,无
533,宝马5,2018,528Li,11,2018-01,温州,1年,25.8,48.84,新上架
534,宝马5,2018,528Li,8,2018-03,温州,4年,25.98,48.84,无
535,宝马5,2018,528Li,5,2018-03,宁波,3年,24.0,48.84,0次过户
536,宝马5,2018,528Li,10,2018-04,温州,3年,25.8,48.84,新上架
537,宝马5,2018,528Li,8,2018-03,金华,6年,26.58,48.84,无
538,宝马X4,2021,xDrive,2.2,2021-03,宁波,4年,34.6,49.49,准新车-0次过户
539,宝马X4,2020,xDrive25i,6,2019-12,温州,3年,29.8,49.49,无
540,宝马5,2014,520i,7,2017-01,宁波,3年,18.0,49.61,0次过户
541,宝马5,2013,525Li,16,2013-04,金华,2年,12.8,49.89,无
542,宝马5,2013,525Li,9,2013-01,温州,7年,14.6,49.89,0次过户
543,宝马5,2013,525Li,11,2013-08,温州,3年,13.8,49.89,0次过户
544,宝马5,2012,523Li,15,2012-01,嘉兴,3年,12.5,49.89,0次过户
545,宝马5,2013,525Li,13,2013-11,金华,3年,14.8,49.89,0次过户
546,宝马4,2021,430i,2.5,2021-01,杭州,2年,45.8,49.91,无
547,宝马4,2021,改款,1.3,2022-01,台州,7年,49.8,49.91,准新车-原厂质保
548,宝马4,2021,430i,1.4,2021-04,杭州,4年,45.8,49.91,无
549,宝马4,2021,改款,2.1,2021-08,杭州,2年,45.8,49.91,准新车-原厂质保
550,宝马X3,2014,xDrive20i,7.2,2015-02,宁波,2年,15.8,49.93,无
551,宝马3,2005,325i,16,2006-10,宁波,2年,3.3,50.04,0次过户
552,宝马5,2019,530Li,4,2019-04,绍兴,4年,34.88,50.36,0次过户
553,宝马5,2019,530Li,5.1,2019-06,温州,3年,32.8,50.36,0次过户
554,宝马5,2019,改款,4.9,2019-08,温州,3年,31.5,50.36,无
555,宝马5,2022,530Li,0.05,2022-08,衢州,6年,41.88,50.36,无
556,宝马5,2019,530Li,7,2019-01,宁波,3年,33.8,50.36,无
557,宝马5,2019,530Li,4.8,2019-04,金华,6年,33.8,50.36,无
558,宝马5,2019,530Li,7.9,2019-05,丽水,2年,31.88,50.36,0次过户
559,宝马5,2014,525Li,9,2015-10,宁波,1年,18.5,50.65,0次过户
560,宝马5,2014,525Li,10,2016-01,金华,1年,16.98,50.65,0次过户
561,宝马5,2014,525Li,12.8,2014-01,宁波,1年,14.5,50.65,无
562,宝马5,2014,525Li,8.5,2015-09,宁波,1年,14.5,50.65,0次过户
563,宝马5,2014,525Li,8,2015-02,温州,1年,18.8,50.65,新上架
564,宝马5,2014,525Li,13,2015-10,温州,1年,15.98,50.65,0次过户
565,宝马5,2014,525Li,10.5,2015-01,宁波,1年,14.5,50.65,0次过户
566,宝马5,2017,525Li,10,2016-12,台州,1年,15.8,50.65,0次过户
567,宝马5,2014,525Li,15.71,2014-03,杭州,6年,16.68,50.65,0次过户
568,宝马5,2014,525Li,9.5,2016-02,宁波,1年,18.0,50.65,无
569,宝马5,2014,525Li,8,2016-06,嘉兴,2年,19.8,50.65,0次过户
570,宝马X4,2014,xDrive20i,6.5,2015-04,宁波,3年,38.0,50.68,准新车-0次过户
571,宝马4,2014,428i,6.8,2014-07,宁波,3年,38.0,50.68,准新车-0次过户
572,宝马3,2023,320Li,0.01,2022-11,宁波,3年,38.0,50.68,准新车-0次过户
573,宝马5,2018,528Li,6,2018-02,宁波,3年,38.0,50.68,准新车-0次过户
574,宝马X1,2019,sDrive18Li,4.2,2019-06,宁波,3年,38.0,50.68,准新车-0次过户
575,宝马5,2021,530Li,1.5,2021-03,宁波,3年,38.0,50.68,准新车-0次过户
576,宝马5,2021,530Li,1.8,2021-05,嘉兴,6年,39.98,50.68,准新车-0次过户
577,宝马5,2013,525Li,9,2013-09,宁波,4年,37.8,50.68,0次过户-原厂质保
578,宝马X5,2014,xDrive35i,6.8,2016-01,宁波,4年,37.8,50.68,0次过户-原厂质保
579,宝马Z4,2012,sDrive20i领先型,4.8,2013-08,宁波,4年,37.8,50.68,0次过户-原厂质保
580,宝马3,2011,320i,9,2011-11,宁波,4年,37.8,50.68,0次过户-原厂质保
581,宝马M3,2009,M3敞篷轿跑车,8.6,2011-06,宁波,4年,37.8,50.68,0次过户-原厂质保
582,宝马5,2018,528Li,5.8,2017-08,宁波,4年,37.8,50.68,0次过户-原厂质保
583,宝马5,2021,530Li,1.8,2021-01,宁波,4年,37.8,50.68,0次过户-原厂质保
584,宝马5,2021,530Li,2,2021-04,金华,7年,38.98,50.68,准新车-原厂质保
585,宝马5,2020,530Li,6.8,2019-11,宁波,3年,33.8,50.68,无
586,宝马3,2017,318Li,8,2017-08,宁波,4年,37.8,50.68,0次过户-原厂质保
587,宝马X6,2008,xDrive35i,15,2008-11,宁波,4年,37.8,50.68,0次过户-原厂质保
588,宝马5,2009,523Li,13,2009-08,宁波,1年,4.5,50.87,0次过户
589,宝马4,2021,425i,1,2021-09,台州,2年,47.8,50.89,准新车-0次过户
590,宝马3,2013,320i运动设计套装,14,2014-09,宁波,2年,14.98,50.97,无
591,宝马5,2022,改款,1,2022-06,杭州,3年,42.8,51.22,准新车-0次过户
592,宝马X1,2010,xDrive25i,13,2011-10,丽水,1年,4.68,51.34,无
593,宝马X1,2010,xDrive25i,17.8,2012-01,金华,3年,6.99,51.34,0次过户
594,宝马4,2022,430i,0.01,2022-02,湖州,3年,51.8,51.66,新上架-准新车
595,宝马4,2022,430i,1.15,2022-04,杭州,1年,47.18,51.66,准新车-原厂质保
596,宝马4,2022,430i,0.01,2022-04,杭州,5年,48.8,51.66,准新车-0次过户
597,宝马5,2018,改款,7.8,2019-01,金华,3年,30.08,51.77,0次过户
598,宝马5,2018,改款,3.8,2019-01,温州,1年,34.8,51.77,无
599,宝马5,2018,改款,6.2,2018-08,宁波,3年,31.0,51.77,无
600,宝马5,2018,改款,2.1,2018-09,宁波,1年,29.18,51.77,无
601,宝马5,2018,530Li,9.2,2018-02,丽水,1年,28.8,51.98,0次过户
602,宝马3,2018,330Li,5,2019-02,宁波,4年,25.98,51.98,0次过户
603,宝马5,2018,改款,4.38,2018-06,宁波,4年,25.98,51.98,0次过户
604,宝马X5,2021,xDrive40i,4,2021-11,宁波,4年,25.98,51.98,0次过户
605,宝马X1,2014,sDrive18i,8.2,2015-04,宁波,4年,25.98,51.98,0次过户
606,宝马5,2018,530Li,8.3,2017-10,宁波,4年,25.98,51.98,0次过户
607,宝马5,2018,530Li,11,2017-11,金华,1年,24.8,51.98,新上架
608,宝马5,2018,530Li,10,2017-12,湖州,1年,27.5,51.98,0次过户
609,宝马5,2018,530Li,7,2017-12,温州,1年,28.88,51.98,0次过户
610,宝马X3,2022,改款,0.5,2021-10,台州,3年,40.8,52.08,无
611,宝马X3,2020,改款,3.7,2020-07,台州,3年,34.98,52.08,原厂质保
612,宝马X3,2020,改款,4,2020-09,宁波,1年,32.5,52.08,无
613,宝马3,2007,325i,12,2007-12,宁波,1年,3.0,52.21,0次过户
614,宝马3,2007,325i,13.8,2007-01,宁波,1年,3.0,52.21,0次过户
615,宝马5,2008,523Li,13,2009-04,宁波,1年,4.28,52.82,无
616,宝马4,2014,420i,9.4,2015-02,丽水,2年,16.88,52.97,0次过户
617,宝马4,2016,420i,5,2017-08,金华,1年,21.0,52.97,无
618,宝马Z4,2019,sDrive,2.9,2020-05,金华,6年,37.88,53.06,0次过户-原厂质保
619,宝马Z4,2022,sDrive,0.8,2021-10,台州,2年,43.8,53.06,准新车-0次过户
620,宝马5,2011,523Li,9,2011-04,温州,1年,9.5,53.14,0次过户
621,宝马5,2011,523Li,10,2011-09,温州,3年,10.8,53.14,0次过户
622,宝马5,2011,523Li,17,2011-11,金华,3年,10.6,53.14,无
623,宝马5,2011,523Li,11,2011-10,温州,3年,11.2,53.14,0次过户
624,宝马5,2011,523Li,21,2011-03,金华,2年,8.98,53.14,0次过户
625,宝马X4,2014,xDrive20i,10.8,2014-10,宁波,1年,15.0,53.17,0次过户
626,宝马X4,2014,xDrive20i,6.9,2015-06,宁波,1年,17.28,53.17,0次过户
627,宝马3,2011,320i双门轿跑车,8,2012-02,温州,7年,9.98,53.30,无
628,宝马5,2022,改款二,0.1,2022-11,台州,1年,43.88,53.39,新上架-准新车
629,宝马5,2013,525Li,12,2014-06,台州,4年,18.88,53.69,0次过户
630,宝马5,2013,525Li,12,2012-12,杭州,3年,12.98,53.69,无
631,宝马5,2013,525Li,15,2013-05,绍兴,5年,13.88,53.69,0次过户
632,宝马iX,2021,改款,0.6,2021-10,温州,5年,13.88,53.69,0次过户
633,宝马X3,2018,xDrive30i,6,2018-06,温州,1年,25.99,53.93,0次过户
634,宝马5,2019,530Le,9.31,2018-11,杭州,2年,29.5,53.94,无
635,宝马5,2019,530Le,6.7,2019-04,嘉兴,3年,28.8,53.94,无
636,宝马5,2019,530Le,7.98,2018-09,杭州,6年,28.18,53.94,0次过户
637,宝马5,2019,改款,7,2019-09,宁波,3年,29.88,53.94,无
638,宝马3,2009,320i双门轿跑车,8,2010-02,杭州,3年,6.18,54.06,0次过户
639,宝马4,2021,改款,0.23,2021-10,绍兴,1年,49.0,54.14,准新车-4S店直卖
640,宝马5,2018,530Li,6.1,2018-01,宁波,1年,30.28,54.15,0次过户
641,宝马X3,2013,xDrive20i,21.6,2013-08,杭州,6年,12.28,54.17,0次过户
642,宝马X3,2013,xDrive20i,14.01,2014-01,温州,7年,15.5,54.17,0次过户
643,宝马X3,2013,xDrive20i,10.9,2014-01,杭州,6年,14.88,54.17,0次过户
644,宝马5,2014,525Li,8.4,2015-04,宁波,1年,16.8,54.23,0次过户
645,宝马5,2014,525Li,10,2014-08,丽水,1年,15.3,54.23,无
646,宝马5,2014,525Li,9,2015-04,金华,1年,18.6,54.23,新上架-0次过户
647,宝马5,2014,525Li,15.1,2015-04,杭州,4年,17.5,54.23,无
648,宝马5,2017,525Li,7,2016-12,绍兴,3年,18.8,54.23,无
649,宝马5,2014,525Li,11,2015-03,宁波,1年,18.68,54.23,无
650,宝马7,2018,730Li,7,2019-05,宁波,4年,42.8,54.26,准新车-0次过户
651,宝马5,2022,535Le,0.01,2022-10,温州,4年,42.8,54.26,准新车-0次过户
652,宝马5,2020,里程升级版,6.7,2020-07,杭州,2年,29.98,54.26,无
653,宝马5,2022,535Le,0.4,2021-11,丽水,3年,36.5,54.26,准新车-0次过户
654,宝马X1,2018,xDrive20Li,6.3,2018-05,宁波,5年,46.58,54.26,准新车-0次过户
655,宝马5,2021,535Le,1.2,2021-08,杭州,6年,37.9,54.26,新上架-准新车
656,宝马5,2022,改款,0.96,2022-05,衢州,5年,46.58,54.26,准新车-0次过户
657,宝马5,2021,535Le,0.3,2021-11,嘉兴,3年,39.58,54.26,准新车-0次过户
658,宝马5,2020,里程升级版,8,2020-09,宁波,1年,31.6,54.26,0次过户-原厂质保
659,宝马5,2020,里程升级版,4.1,2020-06,杭州,6年,29.9,54.26,新上架-原厂质保
660,宝马5,2021,535Le,1,2021-10,宁波,7年,35.0,54.26,新上架-准新车
661,宝马5,2020,530Le,5,2019-12,绍兴,4年,29.58,54.26,0次过户
662,宝马5,2021,535Le,3,2021-01,杭州,3年,36.8,54.26,4S店直卖-0次过户
663,宝马X3,2014,xDrive20i,20.62,2016-10,杭州,6年,17.88,54.49,0次过户
664,宝马X3,2016,xDrive20i,9,2017-03,温州,3年,18.8,54.49,0次过户
665,宝马3,2020,改款,1.9,2020-08,温州,1年,18.8,54.49,0次过户
666,宝马5,2019,530Le,7,2018-08,宁波,1年,18.8,54.49,0次过户
667,宝马X3,2016,xDrive20i,9,2017-03,温州,1年,18.8,54.49,0次过户
668,宝马5,2010,523Li,11,2010-04,温州,2年,4.88,54.66,0次过户
669,宝马1,2013,改款,10,2014-04,宁波,4年,21.8,54.82,无
670,宝马5,2019,530Li,6,2019-04,台州,7年,34.98,55.02,0次过户
671,宝马5,2020,530Li,4,2019-12,宁波,1年,35.6,55.02,0次过户
672,宝马5,2021,530Li,2,2021-04,宁波,1年,36.8,55.02,准新车-0次过户
673,宝马5,2021,530Li,2.65,2021-01,杭州,4年,39.88,55.02,无
674,宝马5,2019,530Li,5.6,2018-12,宁波,1年,31.58,55.02,0次过户
675,宝马5,2020,530Li,5,2020-06,宁波,3年,34.99,55.02,新上架-0次过户
676,宝马5,2020,530Li,8,2019-11,温州,1年,35.8,55.02,0次过户
677,宝马5,2021,530Li,2,2021-05,宁波,4年,43.98,55.02,准新车-原厂质保
678,宝马5,2020,530Li,5,2020-03,温州,1年,38.8,55.02,无
679,宝马5,2020,530Li,2.3,2020-10,嘉兴,2年,38.28,55.02,0次过户-原厂质保
680,宝马Z4,2019,sDrive,1.5,2021-02,嘉兴,6年,41.98,55.23,准新车-0次过户
681,宝马Z4,2019,sDrive,1.8,2019-12,杭州,6年,38.88,55.23,新上架-4S店直卖
682,宝马4,2017,425i,4,2018-09,宁波,1年,24.58,56.10,无
683,宝马4,2017,425i,4,2018-07,宁波,1年,24.88,56.10,无
684,宝马3,2017,330i,8.5,2017-11,杭州,6年,22.98,56.34,新上架
685,宝马5,2018,530Li,9,2017-11,宁波,1年,28.58,56.98,0次过户
686,宝马5,2018,530Li,8.5,2017-11,宁波,4年,28.8,56.98,新上架-0次过户
687,宝马5,2018,530Li,6,2018-10,杭州,2年,31.98,56.98,无
688,宝马5,2018,530Li,5.6,2018-01,温州,1年,31.88,56.98,0次过户
689,宝马4,2014,420i,8.99,2014-12,宁波,1年,14.5,57.31,无
690,宝马4,2016,420i,6.9,2017-06,杭州,1年,20.98,57.31,无
691,宝马3,2013,328i,9,2016-06,温州,4年,18.58,57.75,无
692,宝马4,2019,425i,1.6,2019-11,金华,1年,37.8,58.27,0次过户
693,宝马5,2022,改款二,0.01,2022-11,杭州,6年,42.98,58.28,新上架-准新车
694,宝马i4,2022,M50,0.01,2022-09,杭州,5年,52.99,58.60,准新车-0次过户
695,宝马X3,2011,xDrive28i,15.1,2012-01,金华,5年,9.8,59.16,0次过户
696,宝马5,2017,528Li,5.6,2017-04,宁波,1年,23.58,59.77,新上架-0次过户
697,宝马3,2007,325i双门轿跑车,18,2007-07,宁波,1年,5.0,61.00,0次过户
698,宝马X3,2022,xDrive30i,4.8,2021-01,宁波,1年,22.8,61.87,0次过户
699,宝马4,2016,420i,5.8,2016-11,温州,1年,22.8,61.87,0次过户
700,宝马4,2014,420i,5.66,2016-05,台州,7年,22.8,61.87,无
701,宝马4,2016,420i,5,2017-03,宁波,2年,24.0,61.87,0次过户
702,宝马3,2005,330i,15,2008-09,宁波,1年,4.5,62.96,0次过户
703,宝马X3,2009,xDrive25i豪华增配型,16,2009-08,台州,6年,5.8,63.07,无
704,宝马X3,2009,xDrive25i豪华增配型,20,2010-10,杭州,1年,4.0,63.07,无
705,宝马Z4,2013,sDrive20i领先型,4.7,2015-12,温州,6年,20.99,63.28,0次过户
706,宝马6,2020,630i,3.67,2020-06,湖州,3年,42.6,63.38,新上架-4S店直卖
707,宝马6,2019,630i,5.1,2019-04,杭州,4年,38.8,63.38,新上架-0次过户
708,宝马4,2016,430i,8.5,2017-05,湖州,5年,24.98,63.50,无
709,宝马4,2016,430i,6,2017-11,嘉兴,2年,24.98,63.50,0次过户
710,宝马Z4,2009,sDrive23i领先型,8.8,2011-02,宁波,2年,12.0,63.93,0次过户
711,宝马4,2014,428i,9,2017-04,绍兴,3年,19.8,64.69,0次过户
712,宝马1,2011,1M,8.6,2012-05,杭州,2年,39.9,64.91,0次过户
713,宝马1,2011,1M,6.4,2012-03,金华,4年,35.8,64.91,无
714,宝马X3,2013,xDrive28i,27,2013-05,杭州,1年,10.8,65.02,无
715,宝马M2,2018,M2,4,2018-10,金华,3年,35.8,65.11,无
716,宝马M2,2018,M2,8.1,2018-11,金华,4年,34.8,65.11,无
717,宝马M2,2018,M2,3.6,2018-06,杭州,6年,39.3,65.11,新上架
718,宝马4,2014,420i,7,2015-06,宁波,2年,22.5,66.21,0次过户
719,宝马4,2014,420i,5,2016-07,温州,3年,24.8,66.21,无
720,宝马4,2014,428i,6.2,2014-10,温州,1年,17.88,66.43,0次过户
721,宝马6,2019,630i,6,2019-01,杭州,2年,41.7,67.72,无
722,宝马6,2019,630i,5.3,2019-07,台州,3年,42.8,67.72,无
723,宝马6,2021,630i,3,2021-02,杭州,1年,50.98,68.27,准新车-0次过户
724,宝马X3,2016,sDrive20i,8.1,2017-09,宁波,1年,50.98,68.27,准新车-0次过户
725,宝马M2,2018,M2,0.8,2021-01,金华,3年,53.8,68.80,0次过户-原厂质保
726,宝马M2,2018,M2,3,2020-04,台州,6年,53.8,68.80,无
727,宝马M2,2018,M2,5,2019-08,宁波,2年,40.8,68.80,0次过户
728,宝马5,2013,535Li,8,2012-09,温州,4年,13.98,69.43,新上架-0次过户
729,宝马5,2013,535Li,10.6,2014-03,宁波,1年,16.3,69.43,无
730,宝马M2,2016,M2,6.1,2017-08,杭州,2年,33.8,69.52,无
731,宝马M2,2016,M2,6.4,2017-06,台州,7年,31.5,69.52,无
732,宝马3,2009,325i敞篷轿跑车,9.4,2010-01,温州,4年,9.38,69.58,无
733,宝马5,2008,530Li,15,2009-01,宁波,1年,4.49,70.19,0次过户
734,宝马4,2014,428i,6.5,2015-03,宁波,2年,21.0,73.38,0次过户
735,宝马3,2023,320Li,0.65,2022-01,宁波,1年,20.5,73.38,0次过户
736,宝马4,2014,428i,6,2016-01,宁波,3年,22.5,73.38,0次过户
737,宝马3,2020,325Li,0.9,2019-09,宁波,1年,20.5,73.38,0次过户
738,宝马5,2021,525Li,4.8,2021-01,宁波,1年,20.5,73.38,0次过户
739,宝马4,2014,428i,5.2,2015-01,宁波,1年,20.5,73.38,0次过户
740,宝马3,2020,325Li,3.1,2019-09,宁波,1年,20.5,73.38,0次过户
741,宝马4,2014,428i,7.1,2015-01,宁波,1年,22.98,73.38,0次过户
742,宝马4,2016,430i,7,2017-04,宁波,1年,22.6,73.38,0次过户
743,宝马4,2014,428i,7,2015-02,宁波,2年,22.0,73.38,0次过户
744,宝马4,2014,428i,6,2016-02,宁波,2年,22.5,73.38,无
745,宝马4,2014,428i,5.75,2014-08,丽水,4年,24.98,73.38,无
746,宝马6,2020,630i,4,2020-04,杭州,7年,45.8,74.24,0次过户-原厂质保
747,宝马5,2014,528i,17.1,2015-12,杭州,2年,17.98,74.68,无
748,宝马5,2011,535Li,21,2011-09,绍兴,3年,11.8,75.61,无
749,宝马5,2015,530Le,7.8,2015-10,杭州,6年,20.98,75.83,新上架-0次过户
750,宝马X5,2020,xDrive30i,3,2020-01,温州,1年,52.88,75.97,0次过户
751,宝马X5,2021,xDrive30i,2.8,2021-01,丽水,3年,58.98,75.97,0次过户-原厂质保
752,宝马X5,2019,xDrive30i,5.9,2020-08,嘉兴,2年,53.8,75.97,0次过户-原厂质保
753,宝马X5,2020,xDrive30i,5,2020-07,衢州,6年,52.58,75.97,无
754,宝马X5,2020,xDrive30i,6,2020-09,温州,1年,53.8,75.97,新上架-0次过户
755,宝马4,2014,428i,7,2014-09,宁波,2年,20.0,75.98,0次过户
756,宝马5,2017,528i,7,2017-05,温州,1年,26.6,76.09,0次过户
757,宝马3,2009,330i敞篷轿跑车,12,2009-10,宁波,1年,8.0,78.70,0次过户
758,宝马3,2009,330i敞篷轿跑车,15,2011-10,湖州,1年,7.88,78.70,0次过户
759,宝马3,2009,330i敞篷轿跑车,7,2009-12,温州,6年,10.8,78.70,0次过户
760,宝马4,2014,435i,10,2014-06,杭州,2年,21.98,79.24,无
761,宝马3,2011,330i敞篷轿跑版,8,2012-02,宁波,2年,12.0,80.65,0次过户
762,宝马3,2011,330i敞篷轿跑版,13,2011-11,绍兴,4年,11.88,80.65,0次过户
763,宝马X5,2017,xDrive28i,12,2016-12,金华,2年,33.98,82.28,0次过户
764,宝马X5,2015,xDrive28i,9.9,2016-01,金华,6年,36.5,82.28,新上架-0次过户
765,宝马X5,2015,xDrive28i,21,2015-12,杭州,1年,25.8,82.28,无
766,宝马X5,2015,xDrive28i,12,2016-02,杭州,3年,28.8,82.28,新上架-0次过户
767,宝马X5,2021,xDrive40i,3.2,2022-03,杭州,4年,73.8,82.48,无
768,宝马X5,2020,xDrive40i,7,2020-10,杭州,2年,60.8,82.48,0次过户-原厂质保
769,宝马X5,2019,xDrive40i,7,2019-05,杭州,3年,58.8,82.48,无
770,宝马X5,2019,xDrive40i,6,2019-06,杭州,6年,58.0,82.48,无
771,宝马X5,2020,xDrive40i,5.2,2020-08,宁波,7年,63.0,82.48,无
772,宝马X5,2020,xDrive40i,3.9,2020-05,嘉兴,5年,59.8,82.48,无
773,宝马X5,2020,xDrive40i,2,2021-01,杭州,3年,66.89,82.48,无
774,宝马X6,2020,xDrive30i,3.2,2020-09,宁波,4年,55.8,83.24,新上架-0次过户
775,宝马X6,2021,xDrive30i,2,2021-05,宁波,3年,59.8,83.24,无
776,宝马X6,2018,xDrive28i,8,2018-07,金华,6年,36.8,84.00,0次过户
777,宝马X6,2018,xDrive28i,8.72,2018-02,杭州,6年,40.68,84.00,0次过户
778,宝马6,2018,640i,6.3,2018-11,杭州,5年,46.88,86.83,无
779,宝马7,2018,730Li,6.82,2019-03,杭州,6年,49.88,87.71,0次过户
780,宝马7,2018,730Li,14,2018-08,宁波,3年,37.98,87.71,无
781,宝马7,2018,730Li,9.7,2017-06,宁波,1年,35.8,87.71,0次过户
782,宝马Z4,2012,sDrive35i十周年版,6.6,2013-03,宁波,2年,15.5,87.71,0次过户
783,宝马5,2011,535i,12,2012-11,宁波,1年,14.8,87.81,0次过户
784,宝马5,2011,535i,15,2011-09,温州,2年,12.58,87.81,0次过户
785,宝马7,2021,730Li,2.1,2021-09,台州,3年,64.8,89.88,无
786,宝马7,2019,730Li,3.2,2020-12,宁波,4年,52.8,89.88,0次过户-原厂质保
787,宝马7,2011,730Li典雅型,9.2,2012-06,温州,4年,52.8,89.88,0次过户-原厂质保
788,宝马7,2019,730Li,6.95,2020-03,金华,6年,56.88,89.88,无
789,宝马7,2019,730Li,3,2020-02,宁波,2年,55.0,89.88,0次过户-原厂质保
790,宝马7,2019,730Li,5,2019-08,宁波,1年,51.8,89.88,0次过户
791,宝马X5,2008,xDrive30i领先型,20,2008-08,杭州,2年,6.88,90.85,0次过户
792,宝马X5,2017,xDrive35i,6,2017-06,温州,1年,37.99,90.96,0次过户
793,宝马X5,2014,xDrive35i,12,2014-11,嘉兴,6年,29.98,90.96,0次过户
794,宝马X5,2014,xDrive35i,16,2015-03,宁波,3年,24.0,90.96,0次过户
795,宝马X5,2014,xDrive35i,9.4,2014-09,杭州,2年,27.98,90.96,无
796,宝马X5,2017,xDrive35i,8,2017-07,宁波,1年,35.98,90.96,0次过户
797,宝马M3,2021,M3四门轿车,2,2021-08,杭州,7年,88.8,92.25,准新车-0次过户
798,宝马X5,2020,xDrive40i,2,2020-09,杭州,3年,68.5,92.25,新上架-原厂质保
799,宝马X5,2019,xDrive40i,9.4,2019-10,嘉兴,6年,55.0,92.25,0次过户
800,宝马X5,2009,xDrive30i领先型,10,2009-04,宁波,2年,8.0,92.59,0次过户
801,宝马6,2016,640i,7.8,2018-11,宁波,1年,39.88,93.13,0次过户
802,宝马6,2016,640i,4.7,2017-07,杭州,3年,36.98,93.13,无
803,宝马X5,2021,xDrive45e,5.25,2021-05,杭州,5年,73.88,93.34,0次过户-原厂质保
804,宝马7,2008,730Li领先型,16,2007-11,宁波,1年,5.5,94.22,无
805,宝马M4,2019,M4双门轿跑车猎影版,2.3,2019-07,杭州,7年,57.8,94.43,无
806,宝马7,2004,730Li,21,2005-07,宁波,1年,3.18,94.44,0次过户
807,宝马M4,2021,M4双门轿跑车,0.18,2021-11,嘉兴,3年,88.88,95.51,准新车-0次过户
808,宝马M4,2021,M4双门轿跑车,1,2022-01,杭州,7年,96.8,95.51,新上架-准新车
809,宝马M4,2021,M4双门轿跑车,0.7,2022-01,杭州,2年,93.8,95.51,无
810,宝马5,2013,535i,15,2013-08,温州,1年,18.2,96.72,无
811,宝马5,2013,535i,14,2012-12,绍兴,3年,17.8,96.72,0次过户
812,宝马5,2013,535i,10,2013-04,宁波,3年,17.0,96.72,0次过户
813,宝马7,2011,730Li典雅型,15,2011-06,宁波,1年,14.3,97.48,无
814,宝马7,2017,730Li,7.8,2017-01,温州,2年,38.98,97.48,0次过户
815,宝马7,2016,730Li,7,2017-03,宁波,2年,37.5,97.48,0次过户
816,宝马7,2011,730Li典雅型,13,2012-11,温州,1年,16.8,97.48,0次过户
817,宝马7,2011,730Li典雅型,15,2011-11,台州,1年,11.6,97.48,0次过户
818,宝马7,2011,730Li典雅型,12,2012-03,温州,3年,16.8,97.48,0次过户
819,宝马7,2011,730Li典雅型,11.8,2011-07,宁波,1年,14.28,97.48,0次过户
820,宝马7,2011,730Li典雅型,18,2011-11,湖州,1年,10.88,97.48,0次过户
821,宝马M4,2019,M4双门轿跑车竞速版,3.4,2019-04,杭州,1年,53.8,97.68,无
822,宝马M4,2019,M4双门轿跑车竞速版,5,2019-11,台州,6年,59.8,97.68,无
823,宝马X3,2020,xDrive25i,5,2020-10,金华,3年,54.8,97.68,无
824,宝马X5,2013,xDrive35i,11.6,2013-11,杭州,6年,14.8,97.80,无
825,宝马M4,2017,M4双门轿跑车,6.9,2018-10,杭州,3年,55.8,98.43,新上架-0次过户
826,宝马X5,2008,xDrive30i豪华型,15,2008-07,杭州,2年,8.28,98.45,无
827,宝马X5,2008,xDrive30i豪华型,13,2008-08,温州,4年,7.88,98.45,0次过户
828,宝马X4,2019,xDrive25i,3.8,2018-12,宁波,1年,33.8,99.65,无
829,宝马X5,2017,xDrive35i,9,2017-02,宁波,1年,33.8,99.65,无
830,宝马5,2012,520Li,15,2012-07,嘉兴,1年,33.8,99.65,无
831,宝马X5,2014,xDrive35i,10,2014-05,宁波,1年,26.8,99.65,0次过户
832,宝马X6,2015,xDrive35i,11,2016-12,金华,6年,29.68,99.65,0次过户
833,宝马X5,2014,xDrive35i,11,2015-02,宁波,1年,26.0,99.65,无
834,宝马X6,2015,xDrive35i,10,2016-06,宁波,1年,27.8,99.65,无
835,宝马X5,2014,xDrive35i,9,2014-03,宁波,1年,22.8,99.65,无
836,宝马X5,2014,xDrive35i,12.5,2014-06,宁波,1年,25.5,99.65,0次过户
837,宝马X5,2014,xDrive35i,15,2015-06,宁波,3年,26.8,99.65,无
838,宝马X1,2018,xDrive20Li,6.3,2018-05,宁波,1年,25.5,99.65,0次过户
